"Provincia, cantón y distrito",Población de 15 años y más,Tasa neta de participación,Tasa de ocupación,Tasa de desempleo abierto,Porcentaje de población económicamente inactiva,Relación de dependencia económica,"Porcentaje de población ocupada  (Sector 
Primario)",Porcentaje de población ocupada  (Sector Secundario),Porcentaje de población ocupada  (Sector Terciario)
Carmen           ,2431,"56,3142739613328","54,7922665569724","2,7027027027027","43,6857260386672","0,973703433162893","1,57657657657658","8,70870870870871","89,7147147147147"
Merced         ,9655,"59,243915069912","56,9963749352667","3,79370629370629","40,756084930088","1,14283216783217","0,835907686716337","18,2627657641287","80,901326549155"
Hospital          ,15096,"56,4255431902491","53,9281928987811","4,42592157783517","43,5744568097509","1,26226813806058","0,466773123694878","18,6217909347746","80,9114359415305"
Catedral          ,10742,"59,0113572891454","57,0284863153975","3,36015144344534","40,9886427108546","1,04070042593469","0,457068233757754","14,5935357492654","84,9493960169768"
Zapote          ,15545,"55,6770665808942","54,0495336120939","2,92316580011554","44,3229334191058","1,15817446562681","0,606998333730064","13,7467269697691","85,6462746965008"
San Francisco de Dos Ríos,16895,"57,4252737496301","56,0816809707014","2,3397237682952","42,5747262503699","1,08297258297258","0,517150395778364","13,0131926121372","86,4696569920844"
Uruca            ,22717,"59,0306818682044","56,6492054408593","4,03430275913497","40,9693181317956","1,36599552572707","0,994638278032481","29,0620871862616","69,943274535706"
Mata Redonda      ,7077,"54,0200649992935","52,1689981630634","3,42662830238033","45,9799350007065","1,17447031127387","1,13759479956663","11,7280606717226","87,1343445287107"
Pavas            ,54510,"56,3199412951752","53,9350577875619","4,23452768729642","43,6800587048248","1,32521172638436","0,73469387755102","23,7619047619048","75,5034013605442"
Hatillo           ,39555,"54,7263304259891","52,2184300341297","4,58262114842703","45,2736695740109","1,33339492770361","0,450254175744372","16,3834422657952","83,1663035584604"
San Sebastián     ,31633,"57,5222078209465","55,1481048272374","4,12728072103759","42,4777921790535","1,20185755111013","0,527371739753511","16,0504442533677","83,4221840068788"
Escazú            ,9580,"58,705636743215","56,6910229645094","3,43172119487909","41,294363256785","1,13086770981508","1,62032774811269","15,7061314675014","82,6735407843859"
San Antonio       ,17544,"60,5734154126767","58,74943000456","3,01119789216148","39,4265845873233","1,12232991436906","3,79353837198021","18,5796060929465","77,6268555350733"
San Rafael        ,17673,"61,9306286425621","60,159565438805","2,85975331201462","38,0693713574379","1,00740063956144","1,81527464258841","15,4251316779534","82,7595936794583"
Desamparados      ,26951,"59,2668175577901","56,4097807131461","4,82063482126088","40,7331824422099","1,12020284229638","0,532789581003749","14,9575741629941","84,5096362560021"
San Miguel        ,24071,"57,1309874953263","54,9125503718167","3,88307155322862","42,8690125046737","1,31275450843514","1,62656982902103","20,1845967619912","78,1888334089877"
San Juan de Dios  ,14462,"56,6864887290831","54,6604895588439","3,5740424493779","43,3135112709169","1,37631129543791","0,683111954459203","22,6059456040481","76,7109424414927"
San Rafael Arriba ,11832,"56,1020960108181","53,9722785665991","3,79632419403435","43,8979039891819","1,29918650195842","0,814281240212966","20,2630754776073","78,9226432821798"
San Antonio       ,7928,"58,7537840565086","57,0635721493441","2,87677114641477","41,2462159434914","1,08823529411765","0,817860300618921","14,9425287356322","84,2396109637489"
Frailes           ,2844,"50,7383966244726","48,6286919831224","4,15800415800416","49,2616033755274","1,61399861399861","40,4193781634129","16,9920462762111","42,588575560376"
Patarrá          ,8817,"55,6198253374164","53,5102642622207","3,79282218597064","44,3801746625836","1,43087275693312","2,45866892751166","25,6676557863501","71,8736752861382"
San Cristóbal     ,2839,"51,8492426910884","50,6516379006693","2,30978260869565","48,1507573089116","1,65285326086957","24,2002781641168","37,413073713491","38,3866481223922"
Rosario           ,2281,"54,8882069267865","53,7921964050855","1,99680511182109","45,1117930732135","1,46645367412141","22,8198859005705","15,4034229828851","61,7766911165444"
Damas            ,10201,"58,504068228605","56,945397510048","2,6642091152815","41,495931771395","1,2076072386059","0,516440006885867","19,1599242554657","80,3236357376485"
San Rafael Abajo  ,17822,"59,69027045225","57,6029626304567","3,49689791314157","40,30972954775","1,18866328257191","0,526008182349503","20,3974284044418","79,0765634132086"
Gravilias         ,12360,"57,6941747572816","55,6148867313916","3,60398261113448","42,3058252427184","1,10685738325621","0,450974687227233","12,3217922606925","87,2272330520803"
Los Guido,16884,"51,8360578062071","48,5193082208008","6,39853747714808","48,1639421937929","1,75388482632541","0,89111328125","25,9765625","73,13232421875"
Santiago          ,9122,"54,0999780749836","52,6310019732515","2,71529888551165","45,9000219250165","1,33272543059777","5,97792126640283","13,518017079775","80,5040616538221"
Mercedes Sur      ,4562,"50,2849627356423","48,925909688733","2,7027027027027","49,7150372643577","1,55710549258936","20,0716845878136","16,6666666666667","63,2616487455197"
Barbacoas         ,2838,"49,3657505285412","47,815362931642","3,14061384725196","50,6342494714588","1,63526052819415","14,1488577745026","17,9808400884304","67,8703021370671"
Grifo Alto        ,922,"44,5770065075922","43,1670281995662","3,16301703163017","55,4229934924078","1,87591240875912","33,1658291457286","13,3165829145729","53,5175879396985"
San Rafael        ,1409,"46,0610361958836","44,7835344215756","2,77349768875193","53,9389638041164","1,66563944530046","13,3122028526149","13,7876386687797","72,9001584786054"
Candelarita       ,1112,"43,2553956834532","42,4460431654676","1,87110187110187","56,7446043165468","1,98544698544699","37,2881355932203","9,53389830508475","53,1779661016949"
Desamparaditos    ,542,"49,2619926199262","48,7084870848708","1,12359550561798","50,7380073800738","1,49438202247191","8,33333333333333","17,0454545454545","74,6212121212121"
San Antonio       ,2978,"54,0967092008059","51,846877098724","4,15890751086282","45,9032907991941","1,41402855369336","8,54922279792746","17,4870466321244","73,9637305699482"
Chires            ,2289,"44,0366972477064","41,8086500655308","5,05952380952381","55,9633027522936","2,00694444444444","54,858934169279","6,26959247648903","38,871473354232"
San Marcos        ,7427,"51,33970647637","49,7105156860105","3,1733543141883","48,66029352363","1,62077104642014","27,8710725893824","12,3239436619718","59,8049837486457"
San Lorenzo       ,3116,"51,5083440308087","50,2246469833119","2,49221183800623","48,4916559691913","1,73769470404984","60,9584664536741","6,5814696485623","32,4600638977636"
San Carlos        ,1257,"49,2442322991249","48,6873508353222","1,13085621970921","50,7557677008751","2,05815831987076","71,2418300653595","8,49673202614379","20,2614379084967"
Aserrí            ,21291,"56,5731999436382","54,6334131792776","3,42880863428809","43,4268000563618","1,34047322540473","1,5818431911967","19,7902338376891","78,6279229711142"
Tarbaca     ,1096,"53,4671532846715","51,1861313868613","4,26621160409556","46,5328467153285","1,46757679180887","20,4991087344028","16,5775401069519","62,9233511586453"
Vuelta de Jorco   ,4956,"49,455205811138","47,9822437449556","2,97837617299062","50,544794188862","1,6515707874337","22,4137931034483","13,1623212783852","64,4238856181665"
San Gabriel       ,4521,"49,8562264985623","48,7281574872816","2,26264418811003","50,1437735014377","1,68899733806566","13,5270086246028","16,0689968225148","70,4039945528824"
Legua           ,1063,"45,1552210724365","43,9322671683914","2,70833333333333","54,8447789275635","2,16875","52,4625267665953","8,77944325481799","38,7580299785867"
Monterrey         ,362,"46,9613259668508","45,5801104972376","2,94117647058823","53,0386740331492","1,92941176470588","55,1515151515152","10,9090909090909","33,9393939393939"
Salitrillos       ,10107,"55,8622736717127","54,0021767092114","3,32979100247963","44,1377263282873","1,42224583776125","3,62770245511176","22,2609014290949","74,1113961157933"
Colón            ,12642,"58,6299636133523","56,7473501028318","3,21100917431193","41,3700363866477","1,17053426875337","4,5720657931419","15,6258712015612","79,8020630052969"
Guayabo           ,3381,"53,5936113575865","52,2330671398994","2,53863134657837","46,4063886424135","1,45529801324503","8,77689694224236","20,158550396376","71,0645526613817"
Tabarcia          ,3561,"48,1044650379107","46,1106430777871","4,14477524810274","51,8955349620893","1,74547577349679","17,7222898903776","15,2253349573691","67,0523751522534"
Piedras Negras    ,288,"39,9305555555556","38,5416666666667","3,47826086956522","60,0694444444444","2,29565217391304","58,5585585585586","3,6036036036036","37,8378378378378"
Picagres          ,542,"40,590405904059","39,6678966789668","2,27272727272727","59,409594095941","2,06818181818182","28,8372093023256","11,6279069767442","59,5348837209302"
Guadalupe         ,17467,"54,995133680655","53,2489837980191","3,17509889652301","45,0048663193451","1,15105142619196","0,483818944199548","13,4286635845608","86,0875174712396"
San Francisco     ,1684,"55,166270783848","52,7315914489311","4,41334768568353","44,833729216152","1,18729817007535","1,12612612612613","17,454954954955","81,4189189189189"
Calle Blancos     ,15370,"59,1151594014314","56,8965517241379","3,75302663438257","40,8848405985686","1,08936825885978","0,514579759862779","16,3407661520869","83,1446540880503"
Mata de Plátano   ,13808,"61,1312282734647","59,41483198146","2,80772420329345","38,8687717265353","1,0578130553252","1,15797172111165","15,5533885909313","83,2886396879571"
Ipís             ,20253,"57,4087789463289","55,4041376586185","3,49187236604455","42,5912210536711","1,23901264298615","0,47232866945905","17,2444523660993","82,2832189644417"
Rancho Redondo    ,1903,"55,6489753021545","52,9164477141356","4,91029272898961","44,3510246978455","1,39660056657224","19,8609731876862","19,364448857994","60,7745779543198"
Purral            ,20052,"53,2166367444644","50,6483143826052","4,82616437072439","46,7833632555356","1,57370443257427","0,64001575423395","19,8700275699094","79,4899566758566"
Santa Ana         ,9075,"62,7658402203857","61,5206611570248","1,98384831460674","37,2341597796143","0,987359550561798","2,29267418950385","17,1234103528569","80,5839154576393"
Salitral          ,3171,"61,3371176285084","59,9180069378745","2,31362467866324","38,6628823714916","1,21285347043702","9,26315789473684","19,8947368421053","70,8421052631579"
Pozos   ,11893,"63,7517867653241","62,1373917430421","2,53231337378","36,2482132346759","1,05552624637299","2,34100135317997","17,1853856562923","80,4736129905277"
Uruca,5548,"59,6791636625811","58,1290555155011","2,5974025974026","40,3208363374189","1,17456961643008","2,94573643410853","17,0852713178295","79,968992248062"
Piedades          ,6434,"58,7659309916071","57,4292819396954","2,27453054747421","41,2340690083929","1,14969584765935","3,32882273342355","18,213802435724","78,4573748308525"
Brasil            ,1975,"61,7215189873418","60,9113924050633","1,31255127153404","38,2784810126582","1,1214109926169","2,57689110556941","19,5344970906068","77,8886118038238"
Alajuelita,9282,"58,1232492997199","56,1193708252532","3,44763670064875","41,8767507002801","1,22205746061168","0,441543482434248","17,4505663275101","82,1078901900557"
San Josecito      ,7779,"56,999614346317","55,5855508420106","2,4808299503834","43,000385653683","1,36941813261164","0,994449583718779","21,1147086031452","77,890841813136"
San Antonio       ,3423,"56,8215016067777","54,9225825299445","3,34190231362468","43,1784983932223","1,43650385604113","3,98936170212766","22,3404255319149","73,6702127659575"
Concepción        ,13829,"55,9404150697809","53,1925663460843","4,91209927611169","44,0595849302191","1,41998448810755","0,299075584556824","23,531810766721","76,1691136487221"
San Felipe        ,22391,"54,7273458085838","52,6684828725827","3,7620368859148","45,2726541914162","1,58274849028889","0,619011277876707","24,8791656067158","74,5018231154075"
San Isidro        ,13338,"59,5891437996701","58,0671764882291","2,55410166079517","40,4108562003299","1,09172118772018","1,14912846998063","14,6158812136862","84,2349903163331"
San Rafael        ,5553,"56,6900774356204","54,9612821898073","3,04955527318933","43,3099225643796","1,23634053367217","5,53735255570118","18,3158584534731","76,1467889908257"
Dulce Nombre de Jesús,7574,"57,5653551623977","55,2416160549248","4,03669724770642","42,4346448376023","1,2348623853211","2,41395793499044","17,9732313575526","79,612810707457"
Patalillo         ,16175,"59,3570324574961","57,7681607418856","2,6768044995313","40,6429675425039","1,11946672221644","0,438784246575342","15,1220034246575","84,4392123287671"
Cascajal          ,5057,"55,3094720189836","53,0156219102235","4,14730067929925","44,6905279810164","1,40543439399356","6,67661320402835","18,7243565833644","74,5990302126072"
San Ignacio       ,6862,"51,9527834450597","50,8452346254736","2,13183730715288","48,0472165549403","1,52903225806452","13,585554600172","12,3817712811694","74,0326741186586"
Guaitil           ,1846,"47,1289274106176","46,0455037919827","2,29885057471264","52,8710725893825","1,76551724137931","42,8235294117647","7,76470588235294","49,4117647058824"
Palmichal         ,3421,"51,3007892429114","50,1900029231219","2,16524216524217","48,6992107570886","1,61025641025641","27,140361094933","12,4635993011066","60,3960396039604"
Cangrejal         ,1400,"43,0714285714286","42,2857142857143","1,82421227197347","56,9285714285714","2,10945273631841","72,972972972973","3,37837837837838","23,6486486486486"
Sabanillas        ,1741,"44,5146467547387","43,8828259620908","1,41935483870968","55,4853532452614","2,00774193548387","68,4554973821989","6,15183246073299","25,3926701570681"
San Juan          ,18346,"56,404665867219","54,8075874850104","2,83146501739467","43,595334132781","1,10137224584461","0,964694181999005","13,7145698657384","85,3207359522626"
Cinco Esquinas    ,4478,"58,2402858418937","55,4265297007593","4,83128834355828","41,7597141581063","1,27185582822086","0,64464141821112","23,8114423851732","75,5439161966156"
Anselmo Llorente  ,8475,"55,905604719764","54,3834808259587","2,72266779231743","44,094395280236","1,10764035457999","1,25840746365806","13,4736385333044","85,2679540030375"
León XIII     ,9881,"50,2277097459771","47,6874810241878","5,05742494458997","49,7722902540229","1,75256901067902","0,530560271646859","25,8701188455009","73,5993208828523"
Colima            ,11014,"59,8147811875795","57,6992918104231","3,53673345476624","40,1852188124206","1,05297510625379","0,597954366640441","15,8772619984264","83,5247836349331"
San Vicente       ,25728,"58,0690298507463","56,2733208955224","3,09236947791165","41,9309701492537","1,07483266398929","1,09131095455173","13,344384583506","85,5643044619423"
San Jerónimo      ,4669,"56,7144998929107","55,0867423431142","2,87009063444109","43,2855001070893","1,32401812688822","8,3203732503888","22,3950233281493","69,2846034214619"
La Trinidad       ,15047,"60,3243171396292","58,3106267029973","3,33810730417539","39,6756828603708","1,17770188388234","0,980168680191475","18,8397538180989","80,1800775017096"
San Pedro         ,20841,"57,4204692673096","55,9330166498729","2,59045709033175","42,5795307326904","1,00359321467369","1,03800291670241","10,8518486746161","88,1101484086815"
Sabanilla         ,9074,"60,5245757108221","58,7723165087062","2,89512017479971","39,4754242891779","0,961944646758922","0,918807425464092","11,4569660603788","87,6242265141571"
Mercedes,4056,"57,7662721893491","56,6321499013807","1,9632949210414","42,2337278106509","1,00085360648741","1,13191118850675","9,18589464518938","89,6821941663039"
San Rafael        ,7590,"60,9090909090909","58,3662714097497","4,17477828250054","39,0909090909091","1,09647415098421","1,8510158013544","19,0067720090293","79,1422121896163"
San Pablo         ,1027,"46,34858812074","45,0827653359299","2,73109243697479","53,65141187926","1,85084033613445","15,9827213822894","15,7667386609071","68,2505399568035"
San Pedro         ,520,"48,8461538461539","47,3076923076923","3,1496062992126","51,1538461538462","1,54330708661417","25,609756097561","17,8861788617886","56,5040650406504"
San Juan de Mata  ,885,"50,2824858757062","46,5536723163842","7,41573033707865","49,7175141242938","1,6561797752809","31,0679611650485","14,3203883495146","54,6116504854369"
San Luis          ,397,"43,5768261964735","42,0654911838791","3,46820809248555","56,4231738035265","1,98843930635838","47,9041916167665","8,38323353293413","43,7125748502994"
Carara,1304,"49,3098159509202","48,0061349693252","2,64385692068429","50,6901840490798","1,8149300155521","45,8466453674121","8,94568690095847","45,2076677316294"
Santa María       ,3461,"49,5810459404796","48,2808436867957","2,62237762237762","50,4189540595204","1,69289044289044","34,4105326152005","11,4901256732496","54,09934171155"
Jardín            ,386,"53,8860103626943","53,8860103626943",-,"46,1139896373057","1,51923076923077","50,9615384615385","14,4230769230769","34,6153846153846"
Copey            ,1317,"54,7456340167046","54,5178435839028","0,416088765603329","45,2543659832954","1,50069348127601","69,4986072423398","6,68523676880223","23,8161559888579"
Curridabat        ,24057,"57,9249282952987","56,2829945545995","2,8345891639756","42,0750717047013","1,06795837818443","1,23338257016248","14,5716395864106","84,1949778434269"
Granadilla        ,11665,"59,9571367338191","58,105443634805","3,08836145267372","40,0428632661809","1,1129539605376","1,50486869282974","18,2502213042195","80,2449100029507"
Sánchez           ,4367,"64,3233340966338","63,3157774215709","1,56639373442506","35,6766659033662","0,909576361694553","2,85714285714286","12,2242314647378","84,9186256781194"
Tirrases          ,11827,"57,6223894478735","55,3986640737296","3,85913426265591","42,3776105521265","1,38400586940572","0,885225885225885","24,7100122100122","74,4047619047619"
San Isidro de El General,33748,"51,271186440678","49,3214412705938","3,80280876148645","48,728813559322","1,61960353695891","9,67858215680385","14,0102132772604","76,3112045659357"
El General        ,4651,"45,4740915932058","43,6895291335197","3,92434988179669","54,5259084067942","2,01323877068558","32,5787401574803","15,3543307086614","52,0669291338583"
Daniel Flores     ,24565,"49,2814980663546","47,4821901078771","3,6510821080456","50,7185019336454","1,7702792003965","10,5366941015089","16,0065157750343","73,4567901234568"
Rivas            ,4852,"47,4031327287716","46,1046990931575","2,73913043478261","52,5968672712284","1,86565217391304","53,1962449709432","8,89584264640143","37,9079123826553"
San Pedro         ,6317,"42,1877473484249","40,763020421086","3,37711069418386","57,8122526515751","2,41538461538462","61,9805825242718","7,68932038834952","30,3300970873786"
Platanares        ,5175,"44,3478260869565","43,4202898550725","2,09150326797386","55,6521739130435","2,13856209150327","51,4018691588785","12,9506008010681","35,6475300400534"
Pejibaye          ,5749,"44,0598364933032","43,5206122803966","1,2238452427951","55,9401635066968","2,15633636004737","67,4260591526779","7,27418065547562","25,2997601918465"
Cajón  ,6007,"41,4016980189779","39,3707341434993","4,90550864495376","58,5983019810221","2,43466023321271","54,5877378435518","9,4291754756871","35,9830866807611"
Barú             ,1755,"47,7492877492878","46,3817663817664","2,86396181384248","52,2507122507122","1,85560859188544","42,014742014742","15,7248157248157","42,2604422604423"
Río Nuevo         ,2166,"46,0757156048015","45,6602031394275","0,901803607214429","53,9242843951985","2,06713426853707","59,8584428715875","10,2123356926188","29,9292214357937"
Páramo            ,3201,"47,2977194626679","46,2667916276164","2,17965653896962","52,7022805373321","1,91281373844122","51,2491559756921","12,559081701553","36,1917623227549"
San Pablo         ,3123,"47,6785142491194","46,3016330451489","2,88784419073203","52,3214857508806","1,82672934855608","31,5352697095436","11,6182572614108","56,8464730290456"
San Andrés        ,1174,"46,0817717206133","44,8040885860307","2,77264325323475","53,9182282793867","1,91682070240296","63,4980988593156","4,37262357414449","32,1292775665399"
Llano Bonito      ,1552,"44,2654639175258","43,1701030927835","2,4745269286754","55,7345360824742","2,07278020378457","71,7910447761194","5,07462686567164","23,134328358209"
San Isidro        ,1123,"44,5235975066785","42,7426536064114",4,"55,4764024933215","2,062","63,75","7,70833333333333","28,5416666666667"
Santa Cruz        ,1271,"51,9276160503541","51,6915814319434","0,454545454545455","48,0723839496459","1,52272727272727","49,7716894977169","26,4840182648402","23,7442922374429"
San Antonio       ,841,"48,5136741973841","47,8002378121284","1,47058823529412","51,4863258026159","1,71078431372549","63,1840796019901","5,97014925373134","30,8457711442786"
Alajuela          ,34485,"55,0848194867334","53,3768305060171","3,100652769004","44,9151805132666","1,26231838281744","1,55375672298582","20,9431194654208","77,5031238115934"
San José          ,32052,"56,6704105828029","54,6892549606889","3,49592600748734","43,3295894171971","1,29332746091169","1,95675737349535","25,4834845113811","72,5597581151235"
Carrizal          ,5077,"57,041559976364","54,8946228087453","3,76381215469613","42,958440023636","1,36740331491713","14,8546824542519","21,6720487979907","63,4732687477575"
San Antonio       ,19002,"57,2308178086517","55,0573623829071","3,79770114942529","42,7691821913483","1,29618390804598","3,17338940929077","34,2190785700631","62,6075320206462"
Guácima           ,14959,"55,7323350491343","54,1012099739288","2,92671224661149","44,2676649508657","1,42089480628523","8,56295564067713","34,2394662053627","57,1975781539602"
San Isidro        ,12938,"54,9234812181172","52,6742927809553","4,09513087531663","45,0765187818828","1,43371798480158","13,3822450476889","22,2890682318415","64,3286867204696"
Sabanilla         ,6557,"53,2865639774287","51,746225407961","2,89066971951918","46,7134360225713","1,59273039496279","29,0598290598291","20,2770409666961","50,6631299734748"
San Rafael        ,20137,"56,4731588617967","53,70214033868","4,90678860358776","43,5268411382033","1,3081252198382","4,44793785833179","36,5267246162382","59,02533752543"
Río Segundo       ,8382,"56,2634216177523","54,151753758053","3,75318066157761","43,7365783822477","1,28880407124682","1,78453403833444","25,7325402070941","72,4829257545715"
Desamparados      ,19768,"57,1428571428571","55,028328611898","3,70042492917847","42,8571428571429","1,31134915014164","2,69350983636698","24,7655819084391","72,540908255194"
Turrúcares        ,5772,"52,6507276507276","51,4206514206514","2,33629483382692","47,3492723492724","1,51069430733794","13,9150943396226","20,5188679245283","65,5660377358491"
Tambor            ,8180,"53,4596577017115","52,0048899755501","2,72124399725589","46,5403422982885","1,51360621998628","8,90926187118007","29,2900799247767","61,8006582040433"
Garita          ,5619,"55,3123331553657","53,7106246663107","2,8957528957529","44,6876668446343","1,34137709137709","9,84095427435388","22,1338634857522","68,025182239894"
Sarapiquí         ,2075,"51,7590361445783","51,1807228915663","1,11731843575419","48,2409638554217","1,64618249534451","21,7514124293785","28,5310734463277","49,7175141242938"
San Ramón         ,7220,"50,9695290858726","49,6952908587258","2,5","49,0304709141274","1,36875","2,64771460423634","14,2697881828317","83,082497212932"
Santiago          ,3340,"52,8443113772455","51,2574850299401","3,0028328611898","47,1556886227545","1,56940509915014","23,6565420560748","19,9766355140187","56,3668224299065"
San Juan          ,8957,"50,8987384168807","48,967288154516","3,79469181838122","49,1012615831193","1,56525553849528","5,56315549475604","20,7934336525308","73,6434108527132"
Piedades Norte    ,6213,"49,8470948012232","48,704329631418","2,2925411688731","50,1529051987768","1,63061026800129","15,5981493721084","17,7461996034369","66,6556510244547"
Piedades Sur      ,2844,"48,2419127988748","47,5386779184248","1,45772594752187","51,7580872011252","1,72448979591837","47,0414201183432","15,8284023668639","37,1301775147929"
San Rafael        ,7256,"51,4332965821389","49,8759647188534","3,02786709539121","48,5667034178611","1,4975884244373","12,0751588836695","17,187068250898","70,7377728654324"
San Isidro        ,3388,"50,8264462809917","50,0885478158205","1,45180023228804","49,1735537190083","1,60046457607433","10,2533883323512","22,8638774307602","66,8827342368886"
Ángeles           ,6180,"49,4012944983819","47,4595469255663","3,93056010481494","50,5987055016181","1,78414674091058","24,6846232526423","16,4677804295943","58,8475963177634"
Alfaro            ,5472,"50,9868421052632","49,6893274853801","2,54480286738351","49,0131578947368","1,55806451612903","9,45200441338728","19,7131298271423","70,8348657594704"
Volio            ,1731,"53,7261698440208","51,7042172154824","3,76344086021505","46,2738301559792","1,44086021505376","24,804469273743","20,8938547486033","54,3016759776536"
Concepción        ,1787,"46,894236149972","45,2714045886961","3,46062052505967","53,105763850028","1,8019093078759","32,2620519159456","18,5414091470952","49,1965389369592"
Zapotal           ,300,"57,3333333333333",57,"0,581395348837209","42,6666666666667","1,27325581395349","69,0058479532164","19,2982456140351","11,6959064327485"
Peñas Blancas ,6396,"54,2839274546592","52,5171982489056","3,25460829493088","45,7160725453408","1,67540322580645","31,5272402500744","13,9327180708544","54,5400416790712"
Grecia            ,12069,"55,3235562184108","53,8072748363576","2,74075183465628","44,6764437815892","1,22540062902501","2,63319987680936","22,944256236526","74,4225438866646"
San Isidro        ,4591,"53,1256806795905","51,4920496623829","3,0750307503075","46,8743193204095","1,43911439114391","11,844331641286","29,1455160744501","59,010152284264"
San José          ,6064,"53,7104221635884","52,4901055408971","2,27202947497697","46,2895778364116","1,48695118206939","13,0694313540685","26,9557021677663","59,9748664781653"
San Roque         ,8512,"53,3482142857143","52,0559210526316","2,42237392644792","46,6517857142857","1,45144241356529","8,14714511396976","26,6756939742722","65,1771609117581"
Tacares           ,6013,"54,3655413271246","52,9186762015633","2,66136433159988","45,6344586728754","1,43591312327929","24,7014456316782","21,6216216216216","53,6769327467002"
Río Cuarto        ,7521,"54,0087754287994","52,4797234410318","2,83111767602166","45,9912245712006","1,72624322993599","51,1527742589308","12,9465416772232","35,900684063846"
Puente de Piedra  ,7920,"52,6136363636364","50,719696969697","3,59971202303816","47,3863636363636","1,53323734101272","9,73363206372915","36,4451082897685","53,8212596465024"
Bolívar           ,5492,"52,2760378732702","50,4369992716679","3,51793800069662","47,7239621267298","1,5304771856496","14,5848375451264","29,5306859205776","55,884476534296"
San Mateo         ,2103,"47,1231573941988","46,2672372800761","1,81634712411705","52,8768426058012","1,71644803229062","20,7605344295992","9,2497430626927","69,9897225077081"
Desmonte          ,812,"42,1182266009852","41,6256157635468","1,16959064327485","57,8817733990148","2,06140350877193","40,8284023668639","13,6094674556213","45,5621301775148"
Jesús María       ,1804,"43,1263858093126","41,7405764966741","3,2133676092545","56,8736141906874","2,08097686375321","42,3638778220452","9,8273572377158","47,808764940239"
Atenas            ,6113,"52,3965319810241","51,2350727956813","2,21667187012176","47,603468018976","1,35591632844209","5,17241379310345","15,8365261813538","78,9910600255428"
Jesús            ,2834,"52,0818630910374","50,7762879322512","2,50677506775068","47,9181369089626","1,460027100271","14,4544822793607","20,778318276581","64,7671994440584"
Mercedes          ,2427,"51,2978986402967","50,020601565719","2,48995983935743","48,7021013597033","1,51164658634538","11,4497528830313","22,2405271828666","66,3097199341021"
San Isidro        ,2155,"48,491879350348","47,7030162412993","1,62679425837321","51,508120649652","1,69186602870813","29,4747081712062","20,3307392996109","50,1945525291829"
Concepción        ,2732,"47,6573938506589","46,9619326500732","1,45929339477727","52,3426061493411","1,66743471582181","7,87217459080281","24,0062353858145","68,1215900233827"
San José          ,1499,"50,5670446964643","49,4329553035357","2,24274406332454","49,4329553035357","1,55936675461741","19,1632928475034","19,5681511470985","61,2685560053981"
Santa Eulalia     ,1588,"53,5264483627204","52,5188916876574","1,88235294117647","46,4735516372796","1,44941176470588","21,2230215827338","21,3429256594724","57,4340527577938"
Escobal,658,"41,3373860182371","40,1215805471125","2,94117647058823","58,6626139817629","2,11764705882353","15,1515151515152","33,3333333333333","51,5151515151515"
Naranjo           ,12353,"50,8945195499069","49,3807172346798","2,97439160171783","49,1054804500931","1,53475425481152","8,72131147540984","24,9508196721311","66,327868852459"
San Miguel        ,3375,"52,237037037037","51,2296296296296","1,92853091321611","47,762962962963","1,64152013613159","14,3435511856564","32,7935222672065","52,8629265471371"
San José          ,2415,"49,399585921325","48,3229813664596","2,17937971500419","50,600414078675","1,65046102263202","37,1893744644387","16,6238217652099","46,1868037703513"
Cirrí Sur         ,3430,"50,932944606414","49,9125364431487","2,0034344590727","49,067055393586","1,6056096164854","26,518691588785","22,4883177570093","50,9929906542056"
San Jerónimo      ,2388,"49,1206030150754","47,1943048576214","3,92156862745098","50,8793969849246","1,78260869565217","21,9165927240461","26,3531499556344","51,7302573203194"
San Juan          ,2356,"53,3955857385399","51,4431239388795","3,65659777424483","46,6044142614601","1,47535771065183","22,8547854785479","20,7920792079208","56,3531353135314"
El Rosario        ,2716,"51,620029455081","50,5154639175258","2,1398002853067","48,379970544919","1,67974322396576","16,3265306122449","34,402332361516","49,2711370262391"
Palmitos,3269,"47,96573875803","46,5585806056898","2,93367346938775","52,03426124197","1,72385204081633","20,8935611038108","22,6018396846255","56,5045992115637"
Palmares          ,2986,"50,5358338914937","49,2967180174146","2,4519549370444","49,4641661085064","1,38502319416832","4,07608695652174","19,5652173913043","76,3586956521739"
Zaragoza          ,6444,"51,2880198634389","49,643078833023","3,20726172465961","48,7119801365611","1,48683812405446","11,0034385745546","21,3191622381994","67,677399187246"
Buenos Aires      ,5897,"53,4678650161099","51,9077497032389","2,91785601014906","46,5321349838901","1,37646685696162","6,86050310356093","23,4563868016988","69,6831100947403"
Santiago          ,2145,"48,8578088578089","47,6456876456876","2,48091603053435","51,1421911421911","1,61164122137405","21,1350293542074","23,1898238747554","55,6751467710372"
Candelaria        ,1509,"52,2200132538105","49,7680583167661","4,69543147208122","47,7799867461895","1,48857868020305","17,3102529960053","23,1691078561917","59,5206391478029"
Esquipulas        ,4867,"52,8662420382166","51,0581467022807","3,4201321414691","47,1337579617834","1,56043528954528","9,61770623742455","29,215291750503","61,1670020120724"
La Granja         ,3184,"50,6595477386935","48,9007537688442","3,47179169249845","49,3404522613065","1,55362678239306","4,68850353243417","25,626204238921","69,6852922286448"
San Pedro         ,5851,"53,2558537002222","51,1536489488976","3,94736842105263","46,7441462997778","1,42426187419769","11,3932509188106","22,0514533912462","66,5552956899432"
San Juan          ,3499,"53,2437839382681","51,7576450414404","2,79119699409554","46,7562160617319","1,48953301127214","21,3141910546659","21,70071783545","56,9850911098841"
San Rafael        ,4104,"53,9230019493177","52,046783625731","3,4794396746498","46,0769980506823","1,45639403524627","23,7359550561798","24,2041198501873","52,059925093633"
Carrillos         ,6808,"52,8495887191539","50,9106933019976","3,66870483602001","47,1504112808461","1,56475819899944","6,46278130409694","30,5828043854587","62,9544143104443"
Sabana Redonda    ,1664,"51,8629807692308","49,8798076923077","3,82387022016222","48,1370192307692","1,71494785631518","53,7349397590362","12,5301204819277","33,7349397590361"
Orotina           ,7409,"50,9515454177352","49,7638007828317","2,33112582781457","49,0484545822648","1,56","6,29237862761052","13,0458367236235","80,6617846487659"
El Mastate        ,1346,"47,1768202080238","45,4680534918276","3,62204724409449","52,8231797919762","1,86771653543307","5,55555555555556","19,1176470588235","75,3267973856209"
Hacienda Vieja    ,813,"51,9065190651907","50,79950799508","2,13270142180095","48,0934809348094","1,4218009478673","16,2227602905569","13,317191283293","70,4600484261501"
Coyolar           ,4188,"44,5558739255014","43,0754536771729","3,32261521972133","55,4441260744986","2,16827438370847","13,1929046563193","17,4057649667406","69,4013303769401"
La Ceiba          ,1381,"43,4467776973208","42,1433743664012",3,"56,5532223026792","2,20333333333333","22,1649484536082","24,3986254295533","53,4364261168385"
Quesada           ,31319,"57,0005428014943","55,5924518662793","2,47031144969751","42,9994571985057","1,35603853909926","5,6573430589857","16,357475159382","77,9851817816323"
Florencia         ,11116,"50,9625764663548","49,7661029147175","2,3477493380406","49,0374235336452","1,67413945278023","20,4446854663774","17,8054953000723","61,7498192335503"
Buenavista        ,222,"52,7027027027027","52,2522522522523","0,854700854700855","47,2972972972973","1,77777777777778","62,0689655172414","18,1034482758621","19,8275862068966"
Aguas Zarcas      ,14116,"53,6625106262397","51,8489657126665","3,37953795379538","46,3374893737603","1,67181518151815","24,8257958737532","16,4093455390081","58,7648585872387"
Venecia           ,6754,"53,124074622446","51,4361859638733","3,17725752508361","46,875925377554","1,68617614269788","25,1007484168106","15,2274035693725","59,6718480138169"
Pital            ,12124,"56,2768063345431","54,8498845265589","2,53554155063755","43,7231936654569","1,53817968635498","52,2706766917293","10,0751879699248","37,6541353383459"
La Fortuna        ,10769,"62,3270498653543","60,7763023493361","2,4880810488677","37,6729501346457","1,29186531585221","17,4637127578304","10,2368220015279","72,2994652406417"
La Tigra          ,4540,"48,8325991189427","47,7092511013216","2,30040595399188","51,1674008810573","1,87505638249887","43,6749769159741","9,32594644506002","46,9990766389658"
La Palmera        ,4663,"47,7160626206305","46,0862105940382","3,41573033707865","52,2839373793695","1,84089887640449","22,8013029315961","24,569567240577","52,6291298278269"
Venado            ,1266,"54,9763033175355","53,3965244865719","2,8735632183908","45,0236966824645","1,52011494252874","48,2248520710059","17,3076923076923","34,4674556213018"
Cutris            ,6974,"51,1041009463722","49,0823057069114","3,95622895622896","48,8958990536278","1,89955106621773","58,3114227286007","12,4160093485247","29,2725679228747"
Monterrey         ,2482,"53,102336825141","52,0145044319098","2,04855842185129","46,897663174859","1,62139605462822","38,4198295894655","16,9635941130906","44,6165762974438"
Pocosol           ,10471,"47,0728679209245","45,6498901728584","3,02292554270643","52,9271320790756","2,12335159261513","47,9916317991632","15,5857740585774","36,4225941422594"
Zarcero           ,3151,"50,7140590288797","50,3966994604887","0,625782227784731","49,2859409711203","1,50563204005006","21,0327455919395","17,2544080604534","61,7128463476071"
Laguna            ,1287,"58,2750582750583","57,5757575757576","1,2","41,7249417249417","1,232","31,1740890688259","21,0526315789474","47,7732793522267"
Tapesco           ,952,"59,5588235294118","59,0336134453782","0,881834215167548","40,4411764705882","1,3015873015873","43,0604982206406","10,8540925266904","46,085409252669"
Guadalupe         ,853,"52,989449003517","52,0515826494725","1,76991150442478","47,010550996483","1,53982300884956","45,2702702702703","18,4684684684685","36,2612612612613"
Palmira           ,997,"59,2778335005015","58,876629889669","0,676818950930626","40,7221664994985","1,25719120135364","71,0391822827939","9,71039182282794","19,2504258943782"
Zapote            ,535,"54,7663551401869","54,2056074766355","1,02389078498294","45,2336448598131","1,5221843003413","61,3793103448276","7,58620689655172","31,0344827586207"
Brisas          ,1474,"55,5630936227951","55,0881953867029","0,854700854700855","44,4369063772049","1,44322344322344","47,6600985221675","17,1182266009852","35,2216748768473"
Sarchí Norte      ,5406,"50,5919348871624","49,4080651128376","2,3400365630713","49,4080651128376","1,61060329067642","14,1894421564957","25,6832646948708","60,1272931486335"
Sarchí Sur        ,3915,"52,1072796934866","50,242656449553","3,57843137254902","47,8927203065134","1,52107843137255","8,84595831215048","31,2658871377733","59,8881545500763"
Toro Amarillo     ,209,"61,244019138756","58,8516746411483","3,90625","38,755980861244","1,1328125","30,8943089430894","9,75609756097561","59,349593495935"
San Pedro         ,2554,"48,4338292873923","47,2200469851214","2,50606305578011","51,5661707126077","1,75505254648343","28,8557213930348","23,2172470978441","47,9270315091211"
Rodríguez         ,1561,"50,416399743754","47,7898782831518","5,20965692503177","49,583600256246","1,69504447268107","27,6139410187668","22,6541554959786","49,7319034852547"
Upala            ,11221,"48,9974155601105","47,5982532751092","2,85558384867224","51,0025844398895","1,93543106584212","31,7169069462647","9,47388129563752","58,8092117580977"
Aguas Claras      ,3497,"44,0377466399771","42,5221618530169","3,44155844155844","55,9622533600229","2,20714285714286","46,133154001345","9,41492938802959","44,4519166106254"
San José o Pizote ,4944,"40,8576051779935","40,1699029126214","1,68316831683168","59,1423948220065","2,63960396039604","62,3867069486405","4,98489425981873","32,6283987915408"
Bijagua           ,3308,"46,6142684401451","45,7678355501814","1,81582360570687","53,3857315598549","1,94293125810636","39,6301188903567","12,1532364597094","48,216644649934"
Delicias          ,2993,"43,2008018710324","42,6662211827598","1,23743232791957","56,7991981289676","2,46713070378964","58,9663273296789","7,12607674236492","33,9075959279561"
Dos Ríos          ,2095,"39,618138424821","38,2338902147971","3,49397590361446","60,381861575179","2,84819277108434","62,1722846441948","10,6117353308365","27,2159800249688"
Yolillal          ,2246,"39,6260017809439","38,5574354407836","2,69662921348315","60,3739982190561","2,71685393258427","59,3533487297921","9,46882217090069","31,1778290993072"
Los Chiles        ,8858,"48,6678708512079","46,2971325355611","4,87125956854558","51,3321291487921","2,07631639990721","46,9153864910997","7,77859058766155","45,3060229212387"
Caño Negro        ,1299,"42,8791377983064","42,7251732101617","0,359066427289048","57,1208622016936","2,245960502693","61,0810810810811","6,84684684684685","32,0720720720721"
El Amparo         ,4133,"47,1570287926446","46,0440358093395","2,36018471010775","52,8429712073554","2,07439712673166","62,0073568050447","9,45874934314241","28,5338938518129"
San Jorge         ,1905,"45,8267716535433","43,8845144356955","4,23825887743414","54,1732283464567","2,06185567010309","70,8133971291866","5,74162679425837","23,444976076555"
San Rafael        ,5550,"46,8288288288288","45,009009009009","3,88611004232397","53,1711711711712","2,05540592535591","37,5900720576461","11,6493194555645","50,7606084867894"
Buenavista        ,1136,"41,7253521126761","41,1091549295775","1,47679324894515","58,2746478873239","2,31856540084388","69,3790149892934","6,20985010706638","24,4111349036403"
Cote             ,646,"40,7120743034056","39,7832817337461","2,28136882129278","59,2879256965944","2,29657794676806","53,6964980544747","15,5642023346304","30,7392996108949"
Katira,3640,"47,3901098901099","46,4835164835165","1,91304347826087","52,6098901098901","1,97217391304348","60,3427895981088","7,4468085106383","32,210401891253"
Oriental          ,10401,"49,3510239400058","47,8127103163157","3,11708552503409","50,6489760599942","1,38223261250731","2,55379046853006","15,5238286748442","81,9223808566258"
Occidental        ,8363,"52,0148272151142","50,6755948822193","2,57471264367816","47,9851727848858","1,27609195402299","1,98206701274186","16,9419537517697","81,0759792354884"
Carmen          ,13726,"53,7374326096459","52,1054932245374","3,03687635574837","46,2625673903541","1,36239154013015","3,67729306487696","23,6717002237136","72,6510067114094"
San Nicolás       ,19353,"53,0202035860073","51,0205136154601","3,77156222590391","46,9797964139927","1,52879836273268","4,20295726149484","27,8306663965971","67,966376341908"
Aguacaliente o San Francisco,23815,"54,591643921898","52,3493596472811","4,10737635566495","45,408356078102","1,44511960618414","4,54800673778776","27,544718055667","67,9072752065453"
Guadalupe o Arenilla,11259,"53,4505728750333","51,7275068833822","3,22366234629445","46,5494271249667","1,42904619474909","3,67445054945055","27,9532967032967","68,3722527472527"
Corralillo        ,8210,"50,6577344701583","49,4762484774665","2,33229141620582","49,3422655298417","1,55999038230344","31,7577548005908","17,4052191038897","50,8370260955194"
Tierra Blanca     ,3794,"51,396942540854","50,7907221929362","1,17948717948718","48,603057459146","1,61692307692308","53,4509600415153","14,2189932537623","32,3300467047224"
Dulce Nombre      ,7958,"56,5594370444835","54,9258607690375","2,88824705620973","43,4405629555165","1,34347922683848","8,23610157858614","21,6197666437886","70,1441317776253"
Llano Grande      ,3219,"57,6576576576577","56,9431500465983","1,23922413793103","42,3423423423423","1,33943965517241","64,4844517184943","8,51063829787234","27,0049099836334"
Quebradilla       ,3874,"51,4971605575632","49,1997934950955","4,46115288220551","48,5028394424368","1,6812030075188","24,0818467995803","28,9087093389297","47,00944386149"
Paraíso           ,16085,"53,3664905191172","51,4703139571029","3,55312208760485","46,6335094808828","1,39993010251631","10,6896968232878","21,6088899625559","67,7014132141563"
Santiago          ,4012,"51,9940179461615","50,6231306081755","2,6366251198466","48,0059820538385","1,6529242569511","51,698670605613","13,1954702117184","35,1058591826686"
Orosi            ,6861,"47,2525870864305","45,8533741437108","2,96113510178902","52,7474129135694","1,80197409006786","19,8982835346472","19,262555626192","60,8391608391609"
Cachí            ,4145,"48,226779252111","46,4414957780458","3,70185092546273","51,773220747889","1,72036018009005","28,3636363636364","16,4155844155844","55,2207792207792"
Llanos de Santa Lucía,12215,"52,2636103151863","49,8894801473598","4,54260651629073","47,7363896848138","1,67637844611529","7,40072202166065","31,5392189038398","61,0600590744995"
Tres Ríos         ,7778,"55,8369760863975","54,3455901259964","2,67096477089569","44,1630239136025","1,14851485148515","0,898982730068606","15,1880766501065","83,9129406198249"
San Diego         ,16258,"60,4133349735515","58,0452700209128","3,91977194054164","39,5866650264485","1,20118102219507","1,27159054784359","21,2037723852919","77,5246370668645"
San Juan          ,10699,"65,8192354425647","64,0620618749416","2,66969610905993","34,1807645574353","0,949588185174666","1,021301429822","13,0872483221477","85,8914502480303"
San Rafael        ,10598,"58,0486884317796","55,8973391205888","3,70611183355007","41,9513115682204","1,3158322496749","1,97501688048616","21,8433490884537","76,1816340310601"
Concepción        ,12376,"59,106334841629","56,9812540400776","3,59535201640465","40,893665158371","1,25768967874231","2,72263187748157","20,7884288145207","76,4889393079977"
Dulce Nombre      ,5664,"56,9209039548023","54,7316384180791","3,84615384615385","43,0790960451977","1,44820099255583",4,"23,7096774193548","72,2903225806452"
San Ramón         ,3209,"57,5568712994702","56,5596759114989","1,73253925284245","42,4431287005298","1,19491066594478","3,03030303030303","15,2617079889807","81,7079889807163"
Río Azul          ,8447,"55,8778264472594","53,8297620456967","3,66525423728814","44,1221735527406","1,54449152542373","1,89135693864086","28,5023092148669","69,6063338464922"
Juan Viñas        ,5138,"50,350330868042","49,1825613079019","2,31928875144956","49,649669131958","1,53266331658291","30,9457855164226","18,9552829442026","50,0989315393748"
Tucurrique        ,3549,"44,4350521273598","42,8853198083967","3,48763474952441","55,5649478726402","2,08941027266963","36,4651773981603","15,0459921156373","48,4888304862024"
Pejibaye          ,2486,"43,9662107803701","42,7594529364441","2,74473924977127","56,0337892196299","1,96889295516926","31,4205079962371","12,2295390404516","56,3499529633114"
Turrialba         ,20963,"49,4871917187425","48,1324237943043","2,73761326392905","50,5128082812575","1,57181415076152","8,60257680872151","15,609514370664","75,7879088206145"
La Suiza          ,5833,"45,3625921481228","43,4424824275673","4,23280423280423","54,6374078518773","1,86848072562358","23,4411996842936","15,9431728492502","60,6156274664562"
Peralta           ,383,"45,9530026109661","44,9086161879896","2,27272727272727","54,0469973890339","1,90340909090909","57,5581395348837","16,2790697674419","26,1627906976744"
Santa Cruz        ,2438,"50,4511894995898","49,2206726825267","2,4390243902439","49,5488105004102","1,60813008130081","36,8333333333333","28,4166666666667","34,75"
Santa Teresita    ,3569,"42,2807509106192","41,1039506864668","2,78330019880716","57,7192490893808","2,14380384360504","45,46693933197","17,9277436946149","36,6053169734151"
Pavones           ,3304,"47,1549636803874","45,5205811138015","3,46598202824133","52,8450363196126","1,7798459563543","31,8484042553192","15,093085106383","53,0585106382979"
Tuis             ,2156,"43,4601113172542","42,0686456400742","3,2017075773746","56,5398886827458","2,02774813233725","33,5170893054024","17,9713340683572","48,5115766262404"
Tayutic           ,1728,"44,6759259259259","43,6342592592593","2,33160621761658","55,3240740740741","2,07512953367876","37,4005305039788","19,4960212201592","43,1034482758621"
Santa Rosa        ,4071,"48,1208548268239","46,9663473348072","2,39918325676365","51,8791451731761","1,67075038284839","15,7949790794979","18,1485355648536","66,0564853556485"
Tres Equis        ,1337,"51,6828721017203","51,0845175766642","1,15774240231548","48,3171278982797","1,616497829233","56,2225475841874","8,78477306002928","34,9926793557833"
La Isabel,4610,"49,0455531453362","47,2668112798265","3,62671384343211","50,9544468546638","1,70499778858912","11,977971546581","22,0743460302891","65,9476824231299"
Chirripó,2298,"39,3385552654482","37,7284595300261","4,0929203539823","60,6614447345518","3,62942477876106","71,3956170703576","6,80507497116494","21,7993079584775"
Pacayas           ,4227,"52,8743789921931","52,0700260231843","1,52125279642058","47,125621007807","1,51812080536913","52,1581099500227","12,4488868696047","35,3930031803726"
Cervantes         ,4609,"52,8965068344543","51,9852462573226","1,72272354388843","47,1034931655457","1,55537325676784","31,8447412353923","17,8631051752922","50,2921535893155"
Capellades        ,1860,"53,7634408602151","53,2258064516129",1,"46,2365591397849","1,454","52,4242424242424","10,5050505050505","37,0707070707071"
San Rafael        ,20892,"54,3748803369711","52,4842044801838","3,47711267605634","45,6251196630289","1,39859154929577","5,91883264933881","22,3255813953488","71,7555859553124"
Cot             ,6853,"51,6416168101561","50,4742448562673","2,26052557219554","48,3583831898439","1,72110765753038","35,9641514888696","20,9887250650477","43,0471234460827"
Potrero Cerrado   ,1672,"51,9138755980861","51,4952153110048","0,806451612903226","48,0861244019139","1,6278801843318","52,9616724738676","15,6794425087108","31,3588850174216"
Cipreses          ,2734,"55,9619604974396","55,1207022677396","1,50326797385621","44,0380395025604","1,41830065359477","41,4067684140677","15,8593231585932","42,7339084273391"
Santa Rosa        ,1959,"55,6916794282797","55,4364471669219","0,458295142071494","44,3083205717203","1,39596700274977","56,8139963167588","8,19521178637201","34,9907918968692"
El Tejar          ,18976,"56,787521079258","54,9747048903879","3,19227913882702","43,212478920742","1,3184855233853","4,49578220858896","26,4570552147239","69,0471625766871"
San Isidro        ,7222,"52,5893104403212","50,6369426751592","3,71248025276461","47,4106895596788","1,58767772511848","22,9149576155319","31,9114027891715","45,1736395952967"
Tobosi            ,4780,"52,3849372384937","50,7740585774059","3,07507987220447","47,6150627615063","1,62340255591054","24,5982694684796","34,8166460651009","40,5850844664194"
Patio de Agua     ,314,"55,4140127388535","50,6369426751592","8,62068965517241","44,5859872611465","1,36781609195402","75,4716981132076","10,062893081761","14,4654088050314"
Heredia           ,16071,"53,4627590069068","51,8636052516956","2,99115456238361","46,5372409930932","1,17609404096834","0,863827234553089","15,4529094181164","83,6832633473305"
Mercedes          ,20531,"59,9824655399153","58,2582436315815","2,87454323995128","40,0175344600847","1,09045879009338","1,01998160688906","16,9300225733634","82,0499958197475"
San Francisco     ,37385,"58,99959876956","56,974722482279","3,43201704674253","41,00040123044","1,23099242870744","0,769953051643193","26,3849765258216","72,8450704225352"
Ulloa            ,22374,"61,5759363546974","59,6004290694556","3,20824562676925","38,4240636453026","1,12426507948029","1,01237345331834","27,7915260592426","71,1961004874391"
Varablanca,527,"61,6698292220114","61,100569259962","0,923076923076923","38,3301707779886","1,15384615384615","53,416149068323","13,3540372670807","33,2298136645963"
Barva            ,4063,"56,1900073837066","55,4024120108294","1,40166447656592","43,8099926162934","1,18878668418747","0,577521101732563","16,7481119502443","82,6743669480231"
San Pedro         ,7590,"54,9143610013175","53,3728590250329","2,80710172744722","45,0856389986825","1,38291746641075","3,57936312021723","22,9079239693903","73,5127129103925"
San Pablo         ,6409,"57,0603838352317","55,578093306288","2,59775772491113","42,9396161647683","1,27481542247744","4,15496911847277","21,5889949466592","74,2560359348681"
San Roque         ,3599,"61,183662128369","60,0166712975827","1,90735694822888","38,816337871631","1,09900090826521","1,01851851851852","17,0833333333333","81,8981481481482"
Santa Lucía       ,5859,"59,7371565113501","58,3888035500939","2,25714285714286","40,2628434886499","1,118","0,847705349313066","18,8249049985384","80,3273896521485"
San José de la Montaña,4055,60,"58,3723797780518","2,71270036991369",40,"1,21002877106453","13,4769750739332","16,5188001689903","70,0042247570765"
Santo Domingo     ,4030,"53,9950372208437","52,3076923076923","3,125","46,0049627791563","1,17371323529412","1,99240986717268","12,4288425047438","85,5787476280835"
San Vicente       ,5216,"54,8312883435583","53,4509202453988","2,51748251748252","45,1687116564417","1,2472027972028","1,72166427546628","14,167862266858","84,1104734576757"
San Miguel        ,5100,"57,9607843137255","56,5294117647059","2,46955345060893","42,0392156862745","1,15257104194858","2,87894554283732","16,5799514394728","80,5411030176899"
Paracito          ,1719,"59,0459569517161","57,4752763234439","2,66009852216749","40,9540430482839","1,19802955665025","3,74493927125506","20,1417004048583","76,1133603238866"
Santo Tomás       ,5013,"57,6102134450429","56,0542589267904","2,70083102493075","42,3897865549571","1,17001385041551","2,13523131672598","16,2277580071174","81,6370106761566"
Santa Rosa        ,5693,"58,6509748814333","56,4728614087476","3,71368673255466","41,3490251185667","1,1769991015274","1,15085536547434","26,7185069984448","72,1306376360809"
Tures            ,2657,"57,05683101242","55,175009409108","3,29815303430079","42,94316898758","1,27704485488127","5,04774897680764","20,3956343792633","74,5566166439291"
Pará            ,2674,"58,9005235602094","57,4046372475692","2,53968253968254","41,0994764397906","1,11619047619048","4,56026058631922","24,0390879478827","71,4006514657981"
Santa Bárbara     ,4681,"56,6972869045076","55,3086947233497","2,44913338357197","43,3027130954924","1,23963828183873","2,27887215140981","22,209347238316","75,5117806102742"
San Pedro         ,4174,"56,420699568759","53,9051269765213","4,45859872611465","43,579300431241","1,37027600849257","6,75555555555555","23,3333333333333","69,9111111111111"
San Juan          ,5946,"57,9885637403296","56,3908509922637","2,75522041763341","42,0114362596704","1,22215777262181","2,23680286310766","26,066209364748","71,6969877721444"
Jesús            ,7209,"56,1520321819947","54,8342349840477","2,34683794466403","43,8479678180053","1,37228260869565","7,41209208196307","25,1960536301543","67,3918542878826"
Santo Domingo,2162,"55,3654024051804","54,3940795559667","1,75438596491228","44,6345975948196","1,40517961570593","13,3503401360544","23,8945578231292","62,7551020408163"
Purabá            ,3523,"54,6125461254613","53,3068407607153","2,39085239085239","45,3874538745388","1,37681912681913","8,62619808306709","25,1863684771033","66,1874334398296"
San Rafael        ,7649,"56,830958295202","55,1836841417179","2,89855072463768","43,169041704798","1,22406257188866","1,63468372423596","20,5164652925847","77,8488509831793"
San Josecito      ,8996,"58,1369497554469","56,0360160071143","3,61376673040153","41,8630502445531","1,21395793499044","0,733981352906169","24,5189446538385","74,7470739932553"
Santiago          ,6471,"60,3461597898316","58,3371967238448","3,32906530089629","39,6538402101684","1,15339308578745","0,768211920529801","21,7748344370861","77,4569536423841"
Ángeles           ,7858,"57,2664800203614","55,8539068465258","2,46666666666667","42,7335199796386","1,27377777777778","4,73912052859421","20,0956937799043","75,1651856915015"
Concepción        ,4555,"56,860592755214","55,257958287596","2,81853281853282","43,139407244786","1,34633204633205","6,95272149384188","19,3881605085419","73,6591179976162"
San Isidro        ,4880,"60,1024590163934","58,75","2,25025571087624","39,8975409836065","1,08421411524037","2,23229856993373","19,0791768399023","78,6885245901639"
San José          ,5750,"59,4782608695652","58,2086956521739","2,13450292397661","40,5217391304348","1,17748538011696","5,85599043919928","15,476546160741","78,6674634000598"
Concepción        ,2074,"59,0163934426229","57,907425265188","1,87908496732026","40,9836065573771","1,15277777777778","7,4104912572856","16,7360532889259","75,8534554537885"
San Francisco     ,3468,"55,0461361014994","53,6620530565167","2,51440544787847","44,9538638985006","1,32477737035097","4,78237506716819","22,0849005910801","73,1327243417517"
San Antonio       ,8002,"58,1479630092477","56,9357660584854","2,08467655276166","41,8520369907523","1,13668600902643","2,30465320456541","26,2730465320457","71,4223002633889"
La Ribera         ,4806,"57,8443612151477","56,4710778193924","2,37410071942446","42,1556387848523","1,1726618705036","3,57406042741341","29,1451731761238","67,2807663964628"
La Asunción       ,4661,"59,7725809912036","57,9918472430809","2,9791816223977","40,2274190087964","1,02835606604451","3,81058083610803","21,2356640769515","74,9537550869404"
San Joaquín       ,5717,"60,1364351932832","58,42224943152","2,85049447353112","39,8635648067168","1,08638743455497","1,73652694610778","22,4550898203593","75,8083832335329"
Barrantes         ,3232,"58,1373762376238","57,240099009901","1,54337413517829","41,8626237623762","1,17722192655668","2,59459459459459","19,1351351351351","78,2702702702703"
Llorente          ,6725,"58,2899628252788","56,5055762081784","3,06122448979592","41,7100371747212","1,23801020408163","1,84210526315789","27,7368421052632","70,421052631579"
San Pablo         ,15318,"58,4084084084084","56,8350959655307","2,69364032636638","41,5915915915916","1,16966580976864","1,53916838961636","18,1484033999541","80,3124282104296"
Rincón de Sabanilla,6605,"58,7887963663891","56,9417108251325","3,14190059232552","41,2112036336109","1,1269636878702","0,664716830630151","16,7242754586546","82,6110077107152"
Puerto Viejo      ,13420,"53,397913561848","51,3561847988077","3,82361149874407","46,602086438152","1,81663410549819","52,5101567034243","7,15322112594312","40,3366221706326"
La Virgen         ,7396,"49,256354786371","47,2552731206057","4,06258578094977","50,743645213629","1,88800439198463","46,2660944206009","7,75393419170243","45,9799713876967"
Las Horquetas     ,17185,"48,5947046843177","47,2330520803026","2,80205963357682","51,4052953156823","1,91354328822895","42,6265861771591","12,6524578046076","44,7209560182333"
Llanuras del Gaspar,792,"54,2929292929293","53,5353535353535","1,3953488372093","45,7070707070707","1,69767441860465","81,1320754716981","6,60377358490566","12,2641509433962"
Cureña            ,654,"49,2354740061162","47,5535168195719","3,41614906832298","50,7645259938838","1,95341614906832","68,1672025723473","19,935691318328","11,8971061093248"
Liberia           ,38674,"52,7693023736878","50,0956715105756","5,06664053312427","47,2306976263122","1,61573892591141","6,40033033963043","13,0380922886343","80,5615773717353"
Cañas Dulces      ,2392,"48,5785953177258","46,8227424749164","3,6144578313253","51,4214046822743","1,77969018932874","23,125","11,5178571428571","65,3571428571429"
Mayorga           ,1123,"38,3793410507569","36,420302760463","5,10440835266821","61,6206589492431","2,70997679814385","38,6308068459658","10,7579462102689","50,6112469437653"
Nacascolo         ,1571,"50,0318268618714","48,0585614258434","3,9440203562341","49,9681731381286","1,86132315521629","17,2185430463576","13,2450331125828","69,5364238410596"
Curubandé         ,1820,"51,7032967032967","50,6043956043956","2,12539851222104","48,2967032967033","1,68544102019129","14,9837133550489","11,2920738327904","73,7242128121607"
Nicoya            ,18916,"46,5478959610911","44,6658913089448","4,04315729699035","53,4521040389089","1,82032935831914","9,45674044265594","14,2502071251036","76,2930524322405"
Mansión           ,4346,"40,6120570639669","39,5306028531983","2,6628895184136","59,3879429360331","2,23909348441926","22,3515715948778","12,9802095459837","64,6682188591385"
San Antonio       ,5286,"33,4657586076428","32,1793416572077","3,8439796495195","66,5342413923572","2,75466365178067","36,7430922986479","11,3462669018225","51,9106407995297"
Quebrada Honda    ,1978,"36,4004044489383","34,8331648129424","4,30555555555556","63,5995955510617","2,50416666666667","37,5907111756168","12,7721335268505","49,6371552975327"
Sámara            ,2612,"49,7702909647779","48,468606431853","2,61538461538462","50,2297090352221","1,70153846153846","19,7472353870458","13,1911532385466","67,0616113744076"
Nosara            ,3516,"54,4084186575654","52,7872582480091","2,97961317302666","45,5915813424346","1,56769472033455","13,9547413793103","19,8814655172414","66,1637931034483"
Belén de Nosarita ,1971,"31,2024353120244","30,2384576357179","3,08943089430894","68,7975646879756","3,36747967479675","35,2348993288591","13,0872483221477","51,6778523489933"
Santa Cruz        ,16287,"48,1426904893473","46,3437097071284","3,7367682693534","51,8573095106527","1,74760872337712","9,75092739798622","11,2877583465819","78,9613142554319"
Bolsón            ,1264,"36,1550632911392","34,8101265822785","3,7199124726477","63,8449367088608","2,5601750547046","45,6818181818182","13,6363636363636","40,6818181818182"
Veintisiete de Abril,5297,"40,8910704172173","38,4557296582971","5,95567867036011","59,1089295827827","2,2539242843952","20,8149239077074","13,4511536573392","65,7339224349534"
Tempate           ,4207,"49,0848585690516","46,8980270976943","4,45520581113802","50,9151414309484","1,72639225181598","10,5930055752661","11,9107957425241","77,4961986822098"
Cartagena         ,2940,"41,8707482993197","40,1700680272109","4,06173842404549","58,1292517006803","2,10641754670999","7,28196443691787","7,28196443691787","85,4360711261643"
Cuajiniquil       ,1307,"42,6166794185157","41,6985462892119","2,15439856373429","57,3833205814843","2,21184919210054","30,8256880733945","8,9908256880734","60,1834862385321"
Diriá            ,3024,"44,2460317460318","41,7328042328042","5,68011958146487","55,7539682539683","1,91853512705531","17,9873217115689","10,459587955626","71,5530903328051"
Cabo Velas        ,2570,"54,0077821011673","50,8560311284047","5,835734870317","45,9922178988327","1,42219020172911","8,11017597551645","9,79342004590666","82,0964039785769"
Tamarindo         ,4764,"57,6826196473552","54,9748110831234","4,6943231441048","42,3173803526448","1,31986899563319","5,7655593738068","9,35471554028255","84,8797250859107"
Bagaces           ,8769,"46,4249059185768","44,3152012772266","4,54433800049128","53,5750940814232","2,03782854335544","33,2732887287699","13,0983015954709","53,6284096757591"
La Fortuna        ,2060,"44,7087378640777","43,8349514563107","1,95439739413681","55,2912621359223","1,99239956568947","17,3864894795127","8,41638981173865","74,1971207087486"
Mogote            ,2427,"46,7243510506798","45,4470539761022","2,7336860670194","53,2756489493202","1,99647266313933","22,5747960108794","12,9646418857661","64,4605621033545"
Río Naranjo       ,781,"40,460947503201","38,7964148527529","4,11392405063291","59,539052496799","2,2120253164557","40,2640264026403","14,1914191419142","45,5445544554456"
Filadelfia        ,5963,"41,6736542009056","38,5208787523059","7,56539235412475","58,3263457990944","2,20040241448692","20,2437962559861","18,1976491075316","61,5585546364824"
Palmira           ,3911,"48,6832012273076","45,9984658655075","5,51470588235294","51,3167987726924","1,84453781512605","14,7859922178988","21,7342968315731","63,4797109505281"
Sardinal          ,10919,"49,8305705650701","47,4036083890466","4,87042823010476","50,1694294349299","1,74067267046499","10,2782071097373","12,7125193199382","77,0092735703246"
Belén            ,6406,"43,9587886356541","41,5235716515767","5,53977272727273","56,0412113643459","2,13955965909091","14,5112781954887","14,5864661654135","70,9022556390977"
Cañas            ,15046,"50,3655456599761","48,7903761797155","3,12747426761678","49,6344543400239","1,7468989179203","18,267266040049","12,8320392317123","68,9006947282387"
Palmira           ,711,"43,3192686357243","42,3347398030942","2,27272727272727","56,6807313642757","2,20779220779221","66,1129568106312","6,64451827242525","27,2425249169435"
San Miguel        ,1252,"50,0798722044728","48,1629392971246","3,82775119617225","49,9201277955272","1,62200956937799","50,7462686567164","9,12106135986733","40,1326699834163"
Bebedero          ,1526,"48,2961992136304","46,264744429882","4,20624151967436","51,7038007863696","1,82767978290366","55,5240793201133","19,2634560906516","25,2124645892351"
Porozal           ,491,"46,6395112016293","45,4175152749491","2,62008733624454","53,3604887983707","1,92139737991266","53,3632286995516","17,0403587443946","29,5964125560538"
Las Juntas        ,7046,"47,0053931308544","44,9049105875674","4,46859903381642","52,9946068691456","1,86292270531401","22,9140328697851","15,0442477876106","62,0417193426043"
Sierra            ,1742,"53,8461538461539","52,1239954075775","3,19829424307036","46,1538461538462","1,50639658848614","42,4008810572687","10,352422907489","47,2466960352423"
San Juan          ,1192,"44,7986577181208","42,6174496644295","4,8689138576779","55,2013422818792","1,96816479400749","46,259842519685","11,6141732283465","42,1259842519685"
Colorado          ,3343,"44,7203110978163","41,7888124439127","6,55518394648829","55,2796889021837","2,09096989966555","34,2877594846099","30,1360057265569","35,5762347888332"
Tilarán           ,6454,"50,5268050821196","49,0393554384878","2,94388224471021","49,4731949178804","1,66084023305734","7,96208530805687","13,7124802527646","78,3254344391785"
Quebrada Grande   ,2027,"50,5180069067588","49,3833251110015","2,24609375","49,4819930932412","1,63671875","36,8631368631369","15,984015984016","47,1528471528472"
Tronadora         ,1359,"45,1802796173657","44,3708609271523","1,79153094462541","54,8197203826343","1,92345276872964","25,5389718076285","16,0862354892206","58,3747927031509"
Santa Rosa        ,1469,"45,8134785568414","43,9754935330157","4,01188707280832","54,1865214431586","1,89004457652303","21,5170278637771","15,4798761609907","63,0030959752322"
Líbano            ,673,"44,1307578008915","43,0906389301635","2,35690235690236","55,8692421991085","1,91245791245791","57,5862068965517","7,24137931034483","35,1724137931034"
Tierras Morenas   ,1021,"43,0950048971596","41,5279138099902","3,63636363636364","56,9049951028404","2,08636363636364","36,5566037735849","16,0377358490566","47,4056603773585"
Arenal            ,1702,"49,3537015276146","47,9435957696827","2,85714285714286","50,6462984723854","1,73809523809524","19,6078431372549","16,0539215686275","64,3382352941177"
Carmona           ,1909,"46,9879518072289","45,8355159769513","2,45261984392419","53,0120481927711","1,77146042363434","11,2","9,82857142857143","78,9714285714286"
Santa Rita        ,1083,"34,7183748845799","31,7636195752539","8,51063829787234","65,2816251154201","2,84574468085106","32,5581395348837","7,84883720930233","59,593023255814"
Zapotal           ,926,"42,0086393088553","40,280777537797","4,11311053984576","57,9913606911447","2,12339331619537","50,9383378016086","10,1876675603217","38,8739946380697"
San Pablo         ,1618,"37,7008652657602","35,1050679851669","6,88524590163935","62,2991347342398","2,61803278688525","45,4225352112676","8,97887323943662","45,5985915492958"
Porvenir          ,592,"43,0743243243243","41,8918918918919","2,74509803921569","56,9256756756757","1,90588235294118","51,6129032258065","11,2903225806452","37,0967741935484"
Bejuco            ,2256,"44,7251773049645","43,040780141844","3,76610505450942","55,2748226950355","1,9990089197225","36,3542739443872","16,9927909371782","46,6529351184346"
La Cruz           ,6431,"47,426527756181","45,4672679210076","4,13114754098361","52,573472243819","2,01475409836066","17,6812585499316","8,89192886456908","73,4268125854993"
Santa Cecilia     ,4134,"44,267053701016","42,8640541848089","3,16939890710382","55,732946298984","2,41967213114754","60,1015801354402","11,3995485327314","28,4988713318284"
La Garita         ,1116,"40,2329749103943","38,8888888888889","3,34075723830735","59,7670250896057","2,75946547884187","61,7511520737327","8,06451612903226","30,184331797235"
Santa Elena       ,1425,"43,1578947368421","41,9649122807018","2,76422764227642","56,8421052631579","2,31707317073171","46,8227424749164","8,36120401337793","44,8160535117057"
Hojancha          ,3259,"45,0138079165388","44,2467014421602","1,70415814587594","54,9861920834612","1,89366053169734","25,3814147018031","11,9278779472954","62,6907073509015"
Monte Romo,513,"43,0799220272905","40,7407407407407","5,42986425339367","56,9200779727096","2,03619909502262","71,2918660287081","5,26315789473684","23,444976076555"
Puerto Carrillo   ,1201,"42,0482930890924","40,7993338884263","2,97029702970297","57,9517069109076","2,11683168316832","25,1020408163265","15,9183673469388","58,9795918367347"
Huacas            ,548,"40,6934306569343","40,5109489051095","0,448430493273543","59,3065693430657","2,17040358744395","63,0630630630631","13,0630630630631","23,8738738738739"
Puntarenas        ,6801,"53,2568739891193","51,4483164240553","3,395913859746","46,7431260108808","1,30121479845389","10,002857959417","8,80251500428694","81,1946270362961"
Pitahaya          ,1515,"46,9306930693069","45,6105610561056","2,81293952180028","53,0693069306931","2,10970464135021","62,9522431259045","12,5904486251809","24,4573082489146"
Chomes            ,3940,"43,4010152284264","41,5228426395939","4,32748538011696","56,5989847715736","2,22923976608187","48,3496332518337","12,4694376528117","39,1809290953545"
Lepanto           ,7170,"41,115760111576","39,5676429567643","3,76526458616011","58,884239888424","2,22320217096336","38,914346140289","8,53013746915756","52,5555163905534"
Paquera           ,4875,"43,9384615384615","42,7282051282051","2,75443510737628","56,0615384615385","2,12138188608777","27,2203552568411","8,97743638982237","63,8022083533365"
Manzanillo        ,1965,"43,9185750636132","42,8498727735369","2,43337195828505","56,0814249363868","2,25724217844728","63,895486935867","5,34441805225653","30,7600950118765"
Guacimal          ,698,"48,2808022922636","47,7077363896848","1,18694362017804","51,7191977077364","1,73887240356083","48,948948948949","17,4174174174174","33,6336336336336"
Barranca          ,21866,"47,425226378853","45,2620506722766","4,56123432979749","52,574773621147","1,9556412729026","7,11326664645852","22,4512478528847","70,4354855006568"
Monte Verde       ,3042,"59,861932938856","58,1196581196581","2,9104887424492","40,138067061144","1,28171334431631","7,40950226244344","11,8778280542986","80,7126696832579"
Cóbano            ,5442,"56,4130834252113","54,8327820654171","2,80130293159609","43,5869165747887","1,44104234527687","14,2091152815013","10,9249329758713","74,8659517426273"
Chacarita         ,12681,"47,7091712010094","45,8402334200773","3,91735537190083","52,2908287989906","1,88165289256198","11,543093067263","17,9425425769826","70,5143643557543"
Chira        ,1119,"44,5040214477212","43,6997319034853","1,80722891566265","55,4959785522788","2,16465863453815","64,6216768916155","3,47648261758691","31,9018404907975"
Acapulco          ,993,"46,6263846928499","45,7200402819738","1,9438444924406","53,3736153071501","1,79913606911447","36,3436123348018","22,2466960352423","41,4096916299559"
El Roble          ,11589,"49,7195616532919","47,6917766847873","4,07844498438042","50,2804383467081","1,73498785144047","5,42789940293107","20,9878776913335","73,5842229057355"
Arancibia         ,514,"38,9105058365759","38,715953307393","0,5","61,0894941634241","2,325","83,9195979899498","2,51256281407035","13,5678391959799"
Espíritu Santo    ,11873,"49,2967236587215","47,334287880064","3,98086451392448","50,7032763412785","1,67999316589783","3,32740213523132","23,8967971530249","72,7758007117438"
San Juan Grande   ,4433,"48,116399729303","46,1989623279946","3,98499765588373","51,8836002706971","1,89310829817159","10,205078125","27,05078125","62,744140625"
Macacona          ,3497,"52,0446096654275","50,8149842722334","2,36263736263736","47,9553903345725","1,60549450549451","5,57118739448509","21,8345526167698","72,5942599887451"
San Rafael        ,1020,"49,6078431372549","48,4313725490196","2,37154150197628","50,3921568627451","1,55731225296443","23,6842105263158","16,3967611336032","59,919028340081"
San Jerónimo      ,590,"48,3050847457627","47,7966101694915","1,05263157894737","51,6949152542373","1,63508771929825","47,5177304964539","18,0851063829787","34,3971631205674"
Buenos Aires      ,14300,"48,1188811188811","46,6083916083916","3,13907862229327","51,8811188811189","2,06103763987792","39,549887471868","9,07726931732933","51,3728432108027"
Volcán            ,2706,"43,2742054693274","41,3525498891353","4,44064901793339","56,7257945306726","2,25789923142613","66,934763181412","10,0089365504915","23,0563002680965"
Potrero Grande    ,3882,"39,3353941267388","37,0685213807316","5,76293385723641","60,6646058732612","2,90045841519319","61,5705350938151","7,36622654621265","31,0632383599722"
Boruca            ,2118,"41,0292728989613","39,7544853635505","3,10701956271577","58,9707271010387","2,53739930955121","51,6627078384798","16,9833729216152","31,353919239905"
Pilas            ,1124,"43,8612099644128","43,7722419928826","0,202839756592292","56,1387900355872","2,36511156186613","86,3821138211382","2,23577235772358","11,3821138211382"
Colinas      ,983,"52,8992878942014","52,7975584944049","0,192307692307692","47,1007121057986","1,63653846153846","84,2003853564547","1,15606936416185","14,6435452793834"
Chánguena         ,1695,"44,2477876106195","43,4218289085546","1,86666666666667","55,7522123893805","2,508","85,7336956521739","2,30978260869565","11,9565217391304"
Biolley           ,1691,"44,3524541691307","43,8202247191011","1,2","55,6475458308693","2,27333333333333","72,8744939271255","6,34278002699055","20,7827260458839"
Brunka            ,2159,"42,1028253821214","39,3237610004632","6,6006600660066","57,8971746178786","2,54235423542354","64,4287396937574","8,12720848056537","27,4440518256773"
Miramar           ,6433,"48,9040882947303","47,924762941085","2,00254291163382","51,0959117052697","1,63763509218055","7,81706130392475","20,4995134609147","71,6834252351606"
La Unión          ,968,"41,8388429752066","41,2190082644628","1,48148148148148","58,1611570247934","2,08395061728395","53,6340852130326","9,27318295739348","37,0927318295739"
San Isidro        ,2494,"46,6720128307939","44,3464314354451","4,98281786941581","53,3279871692061","1,92353951890034","15,0994575045208","21,4285714285714","63,4719710669078"
Puerto Cortés     ,5834,"47,4974288652725","46,1604388069935","2,81486827859978","52,5025711347275","1,87585709130278","15,0018566654289","16,3757890828073","68,6223542517638"
Palmar            ,7146,"48,7685418415897","47,1172684019032","3,38593974175036","51,2314581584103","1,81635581061693","28,4526284526285","12,949212949213","58,5981585981586"
Sierpe            ,3069,"47,2792440534376","46,13880742913","2,41212956581668","52,7207559465624","1,89800137835975","43,1497175141243","7,13276836158192","49,7175141242938"
Bahía Ballena     ,2379,"58,6801176965111","57,2509457755359","2,43553008595989","41,3198823034889","1,36819484240688","13,6563876651982","17,4743024963289","68,8693098384728"
Piedras Blancas   ,3030,"43,3663366336634","41,8481848184818","3,50076103500761","56,6336633663366","2,14916286149163","53,1545741324921","8,75394321766562","38,0914826498423"
Quepos            ,14677,"56,4011719016148","54,0028616202221","4,25223483933317","43,5988280983852","1,39888862043972","14,5849104213979","12,9195054251829","72,4955841534191"
Savegre           ,2440,"50,2459016393443","49,1393442622951","2,20228384991843","49,7540983606557","1,71288743882545","32,3603002502085","15,929941618015","51,7097581317765"
Naranjito         ,2687,"51,4328247115742","49,2370673613696","4,26917510853835","48,5671752884258","1,66063675832127","18,3673469387755","13,1519274376417","68,4807256235828"
Golfito           ,8303,"51,7885101770444","49,3074792243767","4,7906976744186","48,2114898229556","1,62418604651163","12,3839765510503","9,08646800195408","78,5295554469956"
Puerto Jiménez    ,6258,"49,3448386065836","47,3314157877916","4,08031088082902","50,6551613934164","1,84617875647668","26,7049291019581","11,951384199865","61,3436866981769"
Guaycará          ,9305,"47,3293927995701","45,9322944653412","2,95186194368756","52,6706072004299","1,93324250681199","23,1867103416004","17,0566214319139","59,7566682264857"
Pavón ,4179,"42,7853553481694","41,8521177315147","2,18120805369128","57,2146446518306","2,44463087248322","53,8021726700972","11,3207547169811","34,8770726129217"
San Vito          ,10550,"45,6682464454976","44,6255924170616","2,28310502283105","54,3317535545024","2,07887090078871","30,3101104502974","9,94052676295667","59,749362786746"
Sabalito          ,7534,"45,7525882665251","45,0225643748341","1,59559036843632","54,2474117334749","2,18653901943719","52,6827830188679","7,75353773584906","39,563679245283"
Aguabuena         ,4491,"45,7359162769984","44,043642841238","3,70009737098345","54,2640837230016","2,0603700097371","34,5298281092012","7,93731041456016","57,5328614762386"
Limoncito         ,2288,"34,8776223776224","34,2657342657343","1,75438596491228","65,1223776223776","3,5","48,0867346938776","9,43877551020408","42,4744897959184"
Pittier           ,1885,"44,6153846153846","43,8726790450928","1,66468489892985","55,3846153846154","2,2794292508918","78,1136638452237","7,25513905683192","14,6311970979444"
Parrita           ,11857,"50,4343425824407","48,7813106182002","3,27759197324415","49,5656574175593","1,69481605351171","24,7925311203319","19,0179806362379","56,1894882434302"
Corredor          ,12377,"52,0239153268159","50,7069564514826","2,5314489827613","47,9760846731841","1,6789874204069","23,0720203951561","15,8221797323136","61,1057998725303"
La Cuesta         ,2795,"52,8085867620751","51,8425760286226","1,82926829268293","47,1914132379249","1,64634146341463","25,9489302967564","13,3885438233264","60,6625258799172"
Canoas            ,7973,"49,1408503699987","47,9994983067854","2,3226135783563","50,8591496300013","1,94206227667177","18,2126992422263","13,1173242748889","68,6699764828848"
Laurel            ,6441,"45,7848160223568","45,0551156652694","1,59376059681248","54,2151839776432","2,10206849779586","54,4796691936595","15,9545141281875","29,565816678153"
Jacó             ,8280,"62,512077294686","60,024154589372","3,97990726429675","37,487922705314","1,25753477588872","4,46680080482897","14,728370221328","80,8048289738431"
Tárcoles          ,3964,"55,5247225025227","53,9606458123108","2,8169014084507","44,4752774974773","1,51885506587915","13,3707339878448","14,3057503506311","72,3235156615241"
Limón,43765,"50,839712098709","48,1434936593168","5,30337078651685","49,160287901291","1,74480898876405","3,90602752728999","14,3141907925961","81,7797816801139"
Valle La Estrella ,11338,"42,8911624625154","41,2771211853943","3,76310919185688","57,1088375374846","2,68250051408596","68,1837606837607","5,81196581196581","26,0042735042735"
Río Blanco        ,5616,"46,0648148148148","43,3582621082621","5,87553150367221","53,9351851851852","2,21105527638191","15,3593429158111","19,7535934291581","64,8870636550308"
Matama            ,4836,"48,2009925558313","45,9884201819686","4,59030459030459","51,7990074441687","2,05791505791506","38,5791366906475","12,7697841726619","48,6510791366907"
Guápiles          ,26647,"54,8054189965099","53,0828986377453","3,1429745275267","45,1945810034901","1,49719254998631","11,700247437257","16,062212796041","72,237539766702"
Jiménez           ,7393,"53,4694981739483","51,0618152306236","4,50290918289906","46,5305018260517","1,65646344548444","20,3973509933775","25,4834437086093","54,1192052980132"
Rita             ,17063,"47,682119205298","45,0565551192639","5,50639134709931","52,317880794702","1,9548918387414","58,1165452653486","9,83350676378772","32,0499479708637"
Roxana            ,11761,"51,0585834537879","48,6948388742454","4,62947543713572","48,9414165462121","1,79600333055787","64,2221058145626","8,57342413130784","27,2044700541296"
Cariari           ,24123,"48,5387389628156","45,7861791651121","5,67085148176616","51,4612610371844","1,91878042531386","43,5219556360344","10,2489814395654","46,2290629244002"
Colorado          ,2743,"54,6846518410499","53,5545023696682","2,06666666666667","45,3153481589501","1,65666666666667","41,5929203539823","6,33083730428863","52,0762423417291"
Siquirres         ,22430,"51,1859117253678","49,2599197503344","3,76273843741834","48,8140882746322","1,75559620242139","40,193682686216","8,7700244366006","51,0362928771835"
Pacuarito         ,6077,"51,3411222642751","49,6132960342274","3,36538461538462","48,6588777357249","1,80641025641026","75,6550580431177","3,18407960199005","21,1608623548922"
Florida           ,1617,"48,8559059987631","47,1243042671614","3,54430379746835","51,1440940012369","1,76455696202532","40,2887139107612","20,997375328084","38,7139107611549"
Germania          ,1832,"49,235807860262","48,089519650655","2,32815964523282","50,764192139738","1,73946784922395","43,4733257661748","19,2962542565267","37,2304199772985"
El Cairo          ,4247,"48,1280904167648","46,1973157522957","4,01174168297456","51,8719095832352","1,97553816046967","43,4760448521916","16,1569826707441","40,3669724770642"
Alegría        ,3971,"49,9622261395115","48,3001762780156","3,32661290322581","50,0377738604885","1,8508064516129","27,11157455683","16,8925964546402","55,9958289885297"
Bratsi            ,4756,"47,6240538267452","46,7409587888982","1,85430463576159","52,3759461732548","2,23090507726269","45,0292397660819","6,79262258209627","48,1781376518219"
Sixaola           ,5558,"51,1514933429291","49,8380712486506","2,56771016531833","48,8485066570709","2,1167780513542","66,1371841155235","3,89891696750903","29,9638989169675"
Cahuita           ,5686,"52,3390784382694","49,8593035525853","4,73790322580645","47,6609215617306","1,78662634408602","17,0723104056437","12,1693121693122","70,7583774250441"
Telire,3899,"49,8332905873301","48,8586817132598","1,95573854863613","50,1667094126699","2,21152856407617","75,8530183727034","3,25459317585302","20,8923884514436"
Matina            ,6180,"51,8122977346278","49,0453074433657","5,34041224234853","48,1877022653722","1,85509056839475","68,6242164302211","6,33454305509733","25,0412405146816"
Batán            ,11339,"50,7011200282212","48,2229473498545","4,88780657505653","49,2988799717788","1,87563054444251","53,6393562545721","6,91294806144843","39,4476956839795"
Carrandi          ,8221,"53,6552730811337","52,0374650285853","3,01518929947858","46,3447269188663","1,73112672863296","75,1519401589528","3,85694249649369","20,9911173445535"
Guácimo           ,12919,"52,132517996749","50,1122377893026","3,87527839643652","47,867482003251","1,72100965107647","31,8350324374421","16,0642570281125","52,1007105344455"
Mercedes          ,1337,"41,2116679132386","39,4166043380703","4,3557168784029","58,7883320867614","2,09800362976407","29,2220113851992","11,0056925996205","59,7722960151803"
Pocora            ,4631,"49,8812351543943","47,5923126754481","4,58874458874459","50,1187648456057","1,78441558441558","42,0145190562613","12,7495462794918","45,2359346642468"
Río Jiménez       ,6077,"48,593055784104","46,766496626625","3,75888926515408","51,406944215896","1,96037927531324","71,5341308937368","5,48909218859958","22,9767769176636"
Duacarí           ,4095,"50,8913308913309","48,6202686202686","4,46257197696737","49,1086691086691","1,9073896353167","79,4575590155701","5,72576594676042","14,8166750376695"
